{
  "0": 74.92654296875,
  "1": 52.279882812499984,
  "2": 85.68785156249999,
  "3": 70.10029296875,
  "4": 58.49957031249999,
  "5": 60.5328515625,
  "6": 77.74744140624998,
  "7": 44.44001953124998,
  "8": 69.78697265624999,
  "9": 71.56736328125,
  "10": 79.19800781250001,
  "11": 62.99142578125001,
  "12": 56.02195312500001,
  "13": 72.93845703125,
  "14": 71.61458984374997,
  "15": 57.8323046875,
  "16": 64.68726562500001,
  "17": 62.49250000000002,
  "18": 60.9167578125,
  "19": 70.46591796874998,
  "20": 74.88312499999999,
  "21": 56.31419921874998,
  "22": 85.6340234375,
  "23": 75.89316406249999,
  "24": 51.96275390624997,
  "25": 64.17158203125001,
  "26": 72.26890625000001,
  "27": 75.22818359374999,
  "28": 75.98837890625,
  "29": 80.22861328125,
  "30": 83.48623046875001,
  "31": 71.82076171875,
  "32": 77.62658203124997,
  "33": 88.10960937500002,
  "34": 59.64037109374999,
  "35": 106.90451171875002,
  "36": 84.97412109375001,
  "37": 57.364609374999986,
  "38": 75.26398437499999,
  "39": 77.48744140625001,
  "40": 68.304921875,
  "41": 51.86982421874999,
  "42": 92.82134765625,
  "43": 89.76228515625002,
  "44": 76.9717578125,
  "45": 71.11515625,
  "46": 100.64546875,
  "47": 65.21818359375,
  "48": 44.13787109374999,
  "49": 67.14330078124999,
  "50": 96.04697265625002,
  "51": 61.17980468749997,
  "52": 64.077890625,
  "53": 61.894296874999995,
  "54": 45.29162109375,
  "55": 68.51109374999999,
  "56": 43.96039062500002,
  "57": 63.30398437499999,
  "58": 66.69871093750001,
  "59": 53.213242187499986,
  "60": 63.2029296875,
  "61": 58.41324218749999,
  "62": 57.84296875,
  "63": 71.56660156250001,
  "64": 69.5566796875,
  "65": 75.75021484374999,
  "66": 52.43806640625,
  "67": 90.34119140624998,
  "68": 38.02812499999999,
  "69": 63.96490234374999,
  "70": 76.53884765625,
  "71": 70.925234375,
  "72": 58.82457031249997,
  "73": 78.51677734374998,
  "74": 70.16580078124997,
  "75": 69.41474609375001,
  "76": 53.211972656250005,
  "77": 64.82996093749995,
  "78": 55.410546874999994,
  "79": 71.86367187500001,
  "80": 80.91593749999998,
  "81": 86.49628906249998,
  "82": 70.78152343749997,
  "83": 75.07050781249998,
  "84": 73.8700390625,
  "85": 70.13507812499996,
  "86": 86.73902343750001,
  "87": 72.5852734375,
  "88": 59.989238281250024,
  "89": 75.3386328125,
  "90": 65.70517578125,
  "91": 60.340898437500016,
  "92": 64.6146484375,
  "93": 51.05859374999998,
  "94": 54.69529296875,
  "95": 59.55835937499998,
  "96": 69.36777343749999,
  "97": 55.92267578125001,
  "98": 64.09388671875001,
  "99": 47.45566406250002,
  "100": 44.6484765625,
  "101": 54.56097656250002,
  "102": 51.445039062499994,
  "103": 55.72615234375,
  "104": 76.83845703124999,
  "105": 89.91132812500003,
  "106": 91.91769531249997,
  "107": 45.93501953125,
  "108": 70.36638671875002,
  "109": 51.648671875,
  "110": 75.54835937499999,
  "111": 77.95158203125,
  "112": 65.73615234374999,
  "113": 69.17531249999998,
  "114": 63.25447265625001,
  "115": 74.50455078125002,
  "116": 72.38316406250001,
  "117": 63.26285156250001,
  "118": 64.26857421875,
  "119": 80.49673828124999,
  "120": 66.92494140625,
  "121": 81.60199218749999,
  "122": 62.88833984375001,
  "123": 83.53548828125004,
  "124": 60.492988281249986,
  "125": 48.533750000000005,
  "126": 79.87009765625002,
  "127": 70.65837890624996,
  "128": 84.71818359374998,
  "129": 59.57257812499999,
  "130": 69.28525390625,
  "131": 56.720703124999986,
  "132": 61.13740234375002,
  "133": 84.66435546875002,
  "134": 51.21753906250001,
  "135": 77.3881640625,
  "136": 59.10462890625001,
  "137": 71.96396484375,
  "138": 80.92050781249998,
  "139": 62.11265625,
  "140": 68.2130078125,
  "141": 60.63136718749998,
  "142": 48.260292968750015,
  "143": 64.32443359374997,
  "144": 77.24724609375001,
  "145": 58.8012109375,
  "146": 60.69484375,
  "147": 63.26285156250002,
  "148": 48.49871093750001,
  "149": 90.49632812499999,
  "150": 72.49970703125001,
  "151": 52.24789062500001,
  "152": 71.61382812499996,
  "153": 52.29410156250001,
  "154": 80.09556640625001,
  "155": 81.72386718750002,
  "156": 71.2959375,
  "157": 57.34302734375,
  "158": 69.10802734375001,
  "159": 63.893046875,
  "160": 74.99281249999997,
  "161": 96.11451171875001,
  "162": 92.37320312499997,
  "163": 84.39318359375,
  "164": 63.807734374999995,
  "165": 58.01791015625,
  "166": 52.19203124999999,
  "167": 73.67427734375,
  "168": 74.5870703125,
  "169": 61.51673828125,
  "170": 62.008046875000026,
  "171": 61.02695312499998,
  "172": 66.37320312500002,
  "173": 73.47242187499998,
  "174": 53.65707031249999,
  "175": 72.86177734375003,
  "176": 88.49224609374998,
  "177": 74.30447265624997,
  "178": 62.2076171875,
  "179": 86.95458984375,
  "180": 62.7001953125,
  "181": 60.61740234375,
  "182": 52.836953125,
  "183": 61.73306640625,
  "184": 76.43474609375002,
  "185": 69.69937499999999,
  "186": 70.88333984375001,
  "187": 40.0030078125,
  "188": 62.821054687499995,
  "189": 45.07833984375001,
  "190": 62.599648437499965,
  "191": 54.141015625,
  "192": 65.81156250000001,
  "193": 64.31935546875,
  "194": 70.88892578125002,
  "195": 53.650722656250004,
  "196": 41.54294921874999,
  "197": 49.330000000000005,
  "198": 82.78417968750003,
  "199": 54.73388671874999,
  "200": 63.2394921875,
  "201": 50.93748046875001,
  "202": 77.47703125,
  "203": 65.53277343749998,
  "204": 73.61917968750002,
  "205": 81.1805078125,
  "206": 87.25800781250001,
  "207": 60.53589843749999,
  "208": 78.90119140624999,
  "209": 59.26357421874999,
  "210": 68.37068359375003,
  "211": 80.19966796875,
  "212": 83.21455078125001,
  "213": 71.73113281249998,
  "214": 86.85607421875001,
  "215": 59.79169921875002,
  "216": 51.94421874999998,
  "217": 73.15021484375,
  "218": 63.37736328125001,
  "219": 83.37425781249999,
  "220": 94.57228515624999,
  "221": 70.29986328125,
  "222": 77.548125,
  "223": 68.7203125,
  "224": 66.48060546874999,
  "225": 71.77302734374997,
  "226": 61.82523437500001,
  "227": 45.72148437499998,
  "228": 73.0301171875,
  "229": 54.2583203125,
  "230": 76.1948046875,
  "231": 63.87019531250001,
  "232": 56.75320312500001,
  "233": 52.97304687499999,
  "234": 66.28966796875,
  "235": 57.89552734374998,
  "236": 62.72533203125002,
  "237": 52.74605468750001,
  "238": 48.17675781249999,
  "239": 52.680546874999976
}
